Category,Name,Type,Status,Company,Registrations/Prize,Link,image
Hackathons,The World After Covid-19,HACKATHON,Live,KPMG MALTA, 2291,https://www.hackerearth.com/challenges/hackathon/kpmgs-fullstack-azure-hiring-challenge/,https://media-fastly.hackerearth.com/media/hackathon/kpmgs-fullstack-azure-hiring-challenge/images/1837b8f015-KPMG_Listing_2x.png
Hackathons,IBM Z Student Contest,HACKATHON,Live,IBM Z, 17266,https://www.hackerearth.com/challenges/hackathon/ibm-z-student-contest-powered-by-ibm-z-xplore/,https://media-fastly.hackerearth.com/media/hackathon/ibm-z-student-contest-powered-by-ibm-z-xplore/images/68da363201-HA-Tile-01.png
Hackathons,Shell.ai Hackathon,LEARNING,Live,Shell.ai, 752,https://www.hackerearth.com/challenges/competitive/shell-ai-hackathon-2021/,https://media-fastly.hackerearth.com/media/hackathon/shell-ai-hackathon-2021/images/93c5d0981d-listing_image.jpg
Hackathons,MishiPay Software Engineer Hiring Challenge,HIRING,Live,MishiPay Ltd," 12 - 24 LPA (additionally 20% bonus, stock options)",https://www.hackerearth.com/challenges/hiring/mishipay-software-engineer-hiring-challenge/,https://media-fastly.hackerearth.com/media/hackathon/mishipay-software-engineer-hiring-challenge/images/6b2f758e00-Mishi_listing.png
Hackathons,FLIP Fest,HACKATHON,Live,Dapper Labs, 3149,https://www.hackerearth.com/challenges/hackathon/flip-fest/,https://media-fastly.hackerearth.com/media/hackathon/flip-fest/images/a57c6ba216-Listing2x_1.png
Hackathons,ZS Ace-a-Thon (Women only Hiring Challenge),HIRING,Live,ZS Associates,,https://www.hackerearth.com/challenges/hiring/zs-ace-a-thon-women-only-hc/,https://media-fastly.hackerearth.com/media/hackathon/zs-ace-a-thon-women-only-hc/images/04eb8bcc21-unnamed.png
Hackathons,Data Story Telling,HIRING,Live,Eli Lilly and Company,,https://www.hackerearth.com/challenges/hiring/data-story-telling/,https://media-fastly.hackerearth.com/media/hackathon/data-story-telling/images/49cdfcfa35-Lilly_Logo.jpg
Hackathons,FloBiz Android Developer Hiring Challenge,HIRING,Live,FloBiz, CTC INR  12.0L -  35.0L,https://www.hackerearth.com/challenges/hiring/flobiz-android-developer-hiring-challenge/,https://media-fastly.hackerearth.com/media/hackathon/flobiz-android-developer-hiring-challenge/images/1fc8c85823-Listing2x.png
Hackathons,Dravya Python and ML/Deep Learning Developer Hiring Challenge,HIRING,Live,Dravya,,https://www.hackerearth.com/challenges/hiring/dravya-python-and-ml-deep-learning-developer-hiring-challenge/,https://media-fastly.hackerearth.com/media/hackathon/dravya-python-and-ml-deep-learning-developer-hiring-challenge/images/f56281b215-Python_and_ML-Deep_Learning_Developer_Listing2x.png
Hackathons,Dravya Full Stack Developer Hiring Challenge,HIRING,Live,Dravya,,https://www.hackerearth.com/challenges/hiring/dravya-full-stack-developer-hiring-challenge/,https://media-fastly.hackerearth.com/media/hackathon/dravya-full-stack-developer-hiring-challenge/images/0fc6032615-Mean_Stack_Developer_Listing2x.png
Hackathons,Dravya AWS Administrator Hiring Challenge,HIRING,Live,Dravya,,https://www.hackerearth.com/challenges/hiring/dravya-aws-administrator-hiring-challenge/,https://media-fastly.hackerearth.com/media/hackathon/dravya-aws-administrator-hiring-challenge/images/e9862e2015-AWS_Administrator_Listing2x.png
Hackathons,Dravya Mobile Application Developer Hiring Challenge,HIRING,Live,Dravya,,https://www.hackerearth.com/challenges/hiring/dravya-mobile-application-developer-hiring-challenge/,https://media-fastly.hackerearth.com/media/hackathon/dravya-mobile-application-developer-hiring-challenge/images/0276288615-Mobile_Application_Developer_Hiring_Challenge_Listing2x.png
Hackathons,Omnicell Tech Challenge for Java Developers,HIRING,Live,Omnicell,,https://www.hackerearth.com/challenges/hiring/omnicell-tech-challenge-for-java-developers/,https://media-fastly.hackerearth.com/media/hackathon/omnicell-tech-challenge-for-java-developers/images/45aa55701d-945a54c5-94b9-4bc1-8ec7-0f4d112fe8a7.png
Hackathons,TCS Full Stack Developer Hiring Challenge,HIRING,Live,TCS India,,https://www.hackerearth.com/challenges/hiring/tcs-full-stack-developer-oct-hiring-challenge/,https://media-fastly.hackerearth.com/media/hackathon/tcs-full-stack-developer-hiring-challenge/images/36d481d01a-fadb9f4c17-Listing_1.png
Hackathons,Prasaga Use Case Ideathon,HACKATHON,Live,Prasaga, 2708,https://www.hackerearth.com/challenges/hackathon/prasaga-use-case-ideathon/,https://media-fastly.hackerearth.com/media/hackathon/prasaga-use-case-ideathon/images/244f06cc01-Listing2x_1.png
Hackathons,Ecothon,HACKATHON,Live,HackerEarth, 716,https://www.hackerearth.com/challenges/hackathon/ecothon/,https://media-fastly.hackerearth.com/media/hackathon/ecothon/images/0ff5f49e17-Listing2x.png
Hackathons,I3 – Innovate – Ideate – Implement,HACKATHON,Live,Bharat Bill Pay, 592,https://www.hackerearth.com/challenges/hackathon/i3-innovate-ideate-implement/,https://media-fastly.hackerearth.com/media/hackathon/i3-innovate-ideate-implement/images/fcde21f01f-Bharat_Billpay_Listing2x.png
Hackathons,Clevertap Frontend Engineer Hiring Challenge,HIRING,Live,CleverTap,,https://www.hackerearth.com/challenges/hiring/clevertap-frontend-engineer-hiring-challenge/,https://media-fastly.hackerearth.com/media/hackathon/clevertap-frontend-engineer-hiring-challenge/images/a3f5e28c2f-1.jpg
Hackathons,INNOVATE - Algorand Blockchain Hackathon,HACKATHON,Live,Algorand, 301,https://algorand-innovate.hackerearth.com/,https://media-fastly.hackerearth.com/media/hackathon/algohack-21/images/afc40e900b-AlgoHack_21_Listing2x.png
Hackathons,HealthifyMe Senior Backend Developer Hiring Challenge,HIRING,"Oct 29, 06:00 PM IST",HealthifyMe, Best in the industry,https://www.hackerearth.com/challenges/hiring/healthifyme-senior-backend-developer-hiring-challenge/,https://media-fastly.hackerearth.com/media/hackathon/healthifyme-senior-backend-developer-hiring-challenge/images/b01f3b661b-Healthifyme_Listing2x.png
Hackathons,Amazon SDE I & II Hiring Challenge,HIRING,"Oct 29, 06:00 PM IST",Amazon Development Centre Pvt. Ltd., Best in industry,https://www.hackerearth.com/challenges/hiring/amazon-sde-i-ii-hiring-challenge/,https://media-fastly.hackerearth.com/media/hackathon/amazon-sde-i-ii-hiring-challenge/images/1c901ae620-Listing2x.png
Hackathons,Tara Capital Quant Developer Hiring Challenge,HIRING,"Oct 29, 06:00 PM IST",Tara Capital Partners, As per market standards,https://www.hackerearth.com/challenges/hiring/tara-capital-quant-developer-hiring-challenge/,https://media-fastly.hackerearth.com/media/hackathon/tara-capital-quant-developer-hiring-challenge/images/db1d86a021-Listing2x.png
Hackathons,Juspay Developer Hiring challenge 2021,HIRING,"Oct 29, 06:00 PM IST",Juspay, 8 - 30 LPA,https://www.hackerearth.com/challenges/hiring/juspay-developer-hiring-challenge-2021/,https://media-fastly.hackerearth.com/media/hackathon/juspay-developer-hiring-challenge-2021/images/ff1c81da2a-Thumbnail-1.png
Hackathons,Clevertap Backend Engineer Hiring Challenge,HIRING,"Oct 29, 06:00 PM IST",CleverTap,,https://www.hackerearth.com/challenges/hiring/clevertap-backend-engineer-hiring-challenge/,https://media-fastly.hackerearth.com/media/hackathon/clevertap-backend-engineer-hiring-challenge/images/9d37a4b22f-1.jpg
Hackathons,Tecnotree Java/C++ Developer Hiring Challenge,HIRING,"Oct 29, 06:00 PM IST",Tecnotree, Best in industry,https://www.hackerearth.com/challenges/hiring/tecnotree-java-c-developer-hiring-challenge/,https://media-fastly.hackerearth.com/media/hackathon/tecnotree-java-c-developer-hiring-challenge/images/74c1abb031-Listing2x_1.png
Hackathons,Saviynt Java Engineer Hiring Challenge,HIRING,"Nov  5, 06:00 PM IST",Saviynt, Best in industry,https://www.hackerearth.com/challenges/hiring/saviynt-java-engineer-hiring-challenge/,https://media-fastly.hackerearth.com/media/hackathon/saviynt-java-engineer-hiring-challenge/images/f0a355322a-Listing2x.png
Hackathons,Impact Analytics Front-End Developer Hiring Challenge,HIRING,"Nov  5, 06:00 PM IST",Impact Analytics,,https://www.hackerearth.com/challenges/hiring/impact-analytics-front-end-developer-hiring-challenge/,https://media-fastly.hackerearth.com/media/hackathon/impact-analytics-front-end-developer-hiring-challenge/images/dfb23dc228-7129a4443a-2020-11-30.png
Hackathons,Infinx Java Product Engineer Hiring Challenge,HIRING,"Nov  5, 06:00 PM IST",Infinx,,https://www.hackerearth.com/challenges/hiring/infinx-java-product-engineer-hiring-challenge/,https://media-fastly.hackerearth.com/media/hackathon/infinx-java-product-engineer-hiring-challenge/images/541d73a42b-Listing2x.png
Hackathons,November Easy '21,RATED,"Nov  6, 09:30 AM IST",HackerEarth, 12,https://www.hackerearth.com/challenges/competitive/nov-easy-21/,https://media-fastly.hackerearth.com/media/hackathon/nov-easy-21/images/c146308e35-Nov_Easy_21_Listing.png
Hackathons,Siemens Healthineers Off-campus / Freshers hiring challenge,HIRING,"Nov 12, 05:00 PM IST",Siemens Healthineers,,https://www.hackerearth.com/challenges/hiring/siemens-healthineers-off-campus-freshers-hiringchallenge/,https://media-fastly.hackerearth.com/media/hackathon/siemens-healthineers-off-campus-freshers-hiringchallenge/images/9a25b71433-Listing2x.png
Hackathons,JustAnswer Sr.Software Engineer Challenge,HIRING,"Nov 19, 06:00 PM IST",Just Answer,,https://www.hackerearth.com/challenges/hiring/justanswer-software-engineer-hiring-challenge/,https://media-fastly.hackerearth.com/media/hackathon/justanswer-software-engineer-hiring-challenge/images/704e905a20-Listing2x.png
Hackathons,Infinx Data Structure Hiring Challenge,HIRING,"Nov 19, 06:00 PM IST",Infinx,,https://www.hackerearth.com/challenges/hiring/infinx-data-structure-hiring-challenge/,https://media-fastly.hackerearth.com/media/hackathon/infinx-data-structure-hiring-challenge/images/5dc27b2a2b-Listing2x.png
Hackathons,Kongsberg Digital Hiring Challenge,HIRING,"Nov 26, 06:00 PM IST",Kongsberg Digital, As per industry standards,https://www.hackerearth.com/challenges/hiring/kongsberg-digital-hiring-challenge/,https://media-fastly.hackerearth.com/media/hackathon/kongsberg-development-engineer-hiring-challenge/images/716bebca32-Listing_22x.png
